{
  "description": "This is a system generated manifest of files expected to be present in this zip. It can be safely deleted.",
  "metadata": {
    "generated_at": "2024-07-08T12:45:38+00:00",
    "trigger": {
      "file_hashid": "unknown",
      "action": "unknown"
    }
  },
  "manifest": [
    {
      "filename": "VariableDefinitions.csv",
      "filesize": 1870,
      "description": "This file describes the variables found in train and test. ",
      "created_at": "2024-07-08 12:42:28 UTC",
      "updated_at": "2024-07-08 12:45:21 UTC"
    },
    {
      "filename": "VNM_training.csv",
      "filesize": 105889,
      "description": "Train contains the target. This is the dataset that you will use to train your model.",
      "created_at": "2024-07-08 12:42:28 UTC",
      "updated_at": "2024-07-08 12:45:25 UTC"
    },
    {
      "filename": "Spain_training.csv",
      "filesize": 92492,
      "description": "Train contains the target. This is the dataset that you will use to train your model.",
      "created_at": "2024-07-08 12:42:28 UTC",
      "updated_at": "2024-07-08 12:45:26 UTC"
    },
    {
      "filename": "Spain_validation.csv",
      "filesize": 89943,
      "description": "Test resembles Train.csv but without the target-related columns. This is the dataset on which you will apply your model to.",
      "created_at": "2024-07-08 12:42:28 UTC",
      "updated_at": "2024-07-08 12:45:31 UTC"
    },
    {
      "filename": "VNM_testing.csv",
      "filesize": 105111,
      "description": "Test resembles Train.csv but without the target-related columns. This is the dataset on which you will apply your model to.",
      "created_at": "2024-07-08 12:42:28 UTC",
      "updated_at": "2024-07-08 12:45:32 UTC"
    },
    {
      "filename": "Kenya_testing.csv",
      "filesize": 105837,
      "description": "Test resembles Train.csv but without the target-related columns. This is the dataset on which you will apply your model to.",
      "created_at": "2024-07-08 12:42:28 UTC",
      "updated_at": "2024-07-08 12:45:35 UTC"
    },
    {
      "filename": "Kenya_training.csv",
      "filesize": 107331,
      "description": "Train contains the target. This is the dataset that you will use to train your model.",
      "created_at": "2024-07-08 12:42:28 UTC",
      "updated_at": "2024-07-08 12:45:28 UTC"
    },
    {
      "filename": "SampleSubmission.csv",
      "filesize": 28838,
      "description": "Is an example of what your submission file should look like. The order of the rows does not matter, but the names of the \"ID\" must be correct.",
      "created_at": "2024-07-08 12:44:31 UTC",
      "updated_at": "2024-07-08 12:45:38 UTC"
    }
  ]
}