ID,TARGET
Kenya_1,
Kenya_10,
Kenya_100,
Kenya_1000,
Kenya_1001,
Kenya_101,
Kenya_102,
Kenya_103,
Kenya_104,
Kenya_105,
Kenya_106,
Kenya_107,
Kenya_108,
Kenya_109,
Kenya_11,
Kenya_110,
Kenya_111,
Kenya_112,
Kenya_113,
Kenya_114,
Kenya_115,
Kenya_116,
Kenya_117,
Kenya_118,
Kenya_119,
Kenya_12,
Kenya_120,
Kenya_121,
Kenya_122,
Kenya_123,
Kenya_124,
Kenya_125,
Kenya_126,
Kenya_127,
Kenya_128,
Kenya_129,
Kenya_13,
Kenya_130,
Kenya_131,
Kenya_132,
Kenya_133,
Kenya_134,
Kenya_135,
Kenya_136,
Kenya_137,
Kenya_138,
Kenya_139,
Kenya_14,
Kenya_140,
Kenya_141,
Kenya_142,
Kenya_143,
Kenya_144,
Kenya_145,
Kenya_146,
Kenya_147,
Kenya_148,
Kenya_149,
Kenya_15,
Kenya_150,
Kenya_151,
Kenya_152,
Kenya_153,
Kenya_154,
Kenya_155,
Kenya_156,
Kenya_157,
Kenya_158,
Kenya_159,
Kenya_16,
Kenya_160,
Kenya_161,
Kenya_162,
Kenya_163,
Kenya_164,
Kenya_165,
Kenya_166,
Kenya_167,
Kenya_168,
Kenya_169,
Kenya_17,
Kenya_170,
Kenya_171,
Kenya_172,
Kenya_173,
Kenya_174,
Kenya_175,
Kenya_176,
Kenya_177,
Kenya_178,
Kenya_179,
Kenya_18,
Kenya_180,
Kenya_181,
Kenya_182,
Kenya_183,
Kenya_184,
Kenya_185,
Kenya_186,
Kenya_187,
Kenya_188,
Kenya_189,
Kenya_19,
Kenya_190,
Kenya_191,
Kenya_192,
Kenya_193,
Kenya_194,
Kenya_195,
Kenya_196,
Kenya_197,
Kenya_198,
Kenya_199,
Kenya_2,
Kenya_20,
Kenya_200,
Kenya_201,
Kenya_202,
Kenya_203,
Kenya_204,
Kenya_205,
Kenya_206,
Kenya_207,
Kenya_208,
Kenya_209,
Kenya_21,
Kenya_210,
Kenya_211,
Kenya_212,
Kenya_213,
Kenya_214,
Kenya_215,
Kenya_216,
Kenya_217,
Kenya_218,
Kenya_219,
Kenya_22,
Kenya_220,
Kenya_221,
Kenya_222,
Kenya_223,
Kenya_224,
Kenya_225,
Kenya_226,
Kenya_227,
Kenya_228,
Kenya_229,
Kenya_23,
Kenya_230,
Kenya_231,
Kenya_232,
Kenya_233,
Kenya_234,
Kenya_235,
Kenya_236,
Kenya_237,
Kenya_238,
Kenya_239,
Kenya_24,
Kenya_240,
Kenya_241,
Kenya_242,
Kenya_243,
Kenya_244,
Kenya_245,
Kenya_246,
Kenya_247,
Kenya_248,
Kenya_249,
Kenya_25,
Kenya_250,
Kenya_251,
Kenya_252,
Kenya_253,
Kenya_254,
Kenya_255,
Kenya_256,
Kenya_257,
Kenya_258,
Kenya_259,
Kenya_26,
Kenya_260,
Kenya_261,
Kenya_262,
Kenya_263,
Kenya_264,
Kenya_265,
Kenya_266,
Kenya_267,
Kenya_268,
Kenya_269,
Kenya_27,
Kenya_270,
Kenya_271,
Kenya_272,
Kenya_273,
Kenya_274,
Kenya_275,
Kenya_276,
Kenya_277,
Kenya_278,
Kenya_279,
Kenya_28,
Kenya_280,
Kenya_281,
Kenya_282,
Kenya_283,
Kenya_284,
Kenya_285,
Kenya_286,
Kenya_287,
Kenya_288,
Kenya_289,
Kenya_29,
Kenya_290,
Kenya_291,
Kenya_292,
Kenya_293,
Kenya_294,
Kenya_295,
Kenya_296,
Kenya_297,
Kenya_298,
Kenya_299,
Kenya_3,
Kenya_30,
Kenya_300,
Kenya_301,
Kenya_302,
Kenya_303,
Kenya_304,
Kenya_305,
Kenya_306,
Kenya_307,
Kenya_308,
Kenya_309,
Kenya_31,
Kenya_310,
Kenya_311,
Kenya_312,
Kenya_313,
Kenya_314,
Kenya_315,
Kenya_316,
Kenya_317,
Kenya_318,
Kenya_319,
Kenya_32,
Kenya_320,
Kenya_321,
Kenya_322,
Kenya_323,
Kenya_324,
Kenya_325,
Kenya_326,
Kenya_327,
Kenya_328,
Kenya_329,
Kenya_33,
Kenya_330,
Kenya_331,
Kenya_332,
Kenya_333,
Kenya_334,
Kenya_335,
Kenya_336,
Kenya_337,
Kenya_338,
Kenya_339,
Kenya_34,
Kenya_340,
Kenya_341,
Kenya_342,
Kenya_343,
Kenya_344,
Kenya_345,
Kenya_346,
Kenya_347,
Kenya_348,
Kenya_349,
Kenya_35,
Kenya_350,
Kenya_351,
Kenya_352,
Kenya_353,
Kenya_354,
Kenya_355,
Kenya_356,
Kenya_357,
Kenya_358,
Kenya_359,
Kenya_36,
Kenya_360,
Kenya_361,
Kenya_362,
Kenya_363,
Kenya_364,
Kenya_365,
Kenya_366,
Kenya_367,
Kenya_368,
Kenya_369,
Kenya_37,
Kenya_370,
Kenya_371,
Kenya_372,
Kenya_373,
Kenya_374,
Kenya_375,
Kenya_376,
Kenya_377,
Kenya_378,
Kenya_379,
Kenya_38,
Kenya_380,
Kenya_381,
Kenya_382,
Kenya_383,
Kenya_384,
Kenya_385,
Kenya_386,
Kenya_387,
Kenya_388,
Kenya_389,
Kenya_39,
Kenya_390,
Kenya_391,
Kenya_392,
Kenya_393,
Kenya_394,
Kenya_395,
Kenya_396,
Kenya_397,
Kenya_398,
Kenya_399,
Kenya_4,
Kenya_40,
Kenya_400,
Kenya_401,
Kenya_402,
Kenya_403,
Kenya_404,
Kenya_405,
Kenya_406,
Kenya_407,
Kenya_408,
Kenya_409,
Kenya_41,
Kenya_410,
Kenya_411,
Kenya_412,
Kenya_413,
Kenya_414,
Kenya_415,
Kenya_416,
Kenya_417,
Kenya_418,
Kenya_419,
Kenya_42,
Kenya_420,
Kenya_421,
Kenya_422,
Kenya_423,
Kenya_424,
Kenya_425,
Kenya_426,
Kenya_427,
Kenya_428,
Kenya_429,
Kenya_43,
Kenya_430,
Kenya_431,
Kenya_432,
Kenya_433,
Kenya_434,
Kenya_435,
Kenya_436,
Kenya_437,
Kenya_438,
Kenya_439,
Kenya_44,
Kenya_440,
Kenya_441,
Kenya_442,
Kenya_443,
Kenya_444,
Kenya_445,
Kenya_446,
Kenya_447,
Kenya_448,
Kenya_449,
Kenya_45,
Kenya_450,
Kenya_451,
Kenya_452,
Kenya_453,
Kenya_454,
Kenya_455,
Kenya_456,
Kenya_457,
Kenya_458,
Kenya_459,
Kenya_46,
Kenya_460,
Kenya_461,
Kenya_462,
Kenya_463,
Kenya_464,
Kenya_465,
Kenya_466,
Kenya_467,
Kenya_468,
Kenya_469,
Kenya_47,
Kenya_470,
Kenya_471,
Kenya_472,
Kenya_473,
Kenya_474,
Kenya_475,
Kenya_476,
Kenya_477,
Kenya_478,
Kenya_479,
Kenya_48,
Kenya_480,
Kenya_481,
Kenya_482,
Kenya_483,
Kenya_484,
Kenya_485,
Kenya_486,
Kenya_487,
Kenya_488,
Kenya_489,
Kenya_49,
Kenya_490,
Kenya_491,
Kenya_492,
Kenya_493,
Kenya_494,
Kenya_495,
Kenya_496,
Kenya_497,
Kenya_498,
Kenya_499,
Kenya_5,
Kenya_50,
Kenya_500,
Kenya_501,
Kenya_502,
Kenya_503,
Kenya_504,
Kenya_505,
Kenya_506,
Kenya_507,
Kenya_508,
Kenya_509,
Kenya_51,
Kenya_510,
Kenya_511,
Kenya_512,
Kenya_513,
Kenya_514,
Kenya_515,
Kenya_516,
Kenya_517,
Kenya_518,
Kenya_519,
Kenya_52,
Kenya_520,
Kenya_521,
Kenya_522,
Kenya_523,
Kenya_524,
Kenya_525,
Kenya_526,
Kenya_527,
Kenya_528,
Kenya_529,
Kenya_53,
Kenya_530,
Kenya_531,
Kenya_532,
Kenya_533,
Kenya_534,
Kenya_535,
Kenya_536,
Kenya_537,
Kenya_538,
Kenya_539,
Kenya_54,
Kenya_540,
Kenya_541,
Kenya_542,
Kenya_543,
Kenya_544,
Kenya_545,
Kenya_546,
Kenya_547,
Kenya_548,
Kenya_549,
Kenya_55,
Kenya_550,
Kenya_551,
Kenya_552,
Kenya_553,
Kenya_554,
Kenya_555,
Kenya_556,
Kenya_557,
Kenya_558,
Kenya_559,
Kenya_56,
Kenya_560,
Kenya_561,
Kenya_562,
Kenya_563,
Kenya_564,
Kenya_565,
Kenya_566,
Kenya_567,
Kenya_568,
Kenya_569,
Kenya_57,
Kenya_570,
Kenya_571,
Kenya_572,
Kenya_573,
Kenya_574,
Kenya_575,
Kenya_576,
Kenya_577,
Kenya_578,
Kenya_579,
Kenya_58,
Kenya_580,
Kenya_581,
Kenya_582,
Kenya_583,
Kenya_584,
Kenya_585,
Kenya_586,
Kenya_587,
Kenya_588,
Kenya_589,
Kenya_59,
Kenya_590,
Kenya_591,
Kenya_592,
Kenya_593,
Kenya_594,
Kenya_595,
Kenya_596,
Kenya_597,
Kenya_598,
Kenya_599,
Kenya_6,
Kenya_60,
Kenya_600,
Kenya_601,
Kenya_602,
Kenya_603,
Kenya_604,
Kenya_605,
Kenya_606,
Kenya_607,
Kenya_608,
Kenya_609,
Kenya_61,
Kenya_610,
Kenya_611,
Kenya_612,
Kenya_613,
Kenya_614,
Kenya_615,
Kenya_616,
Kenya_617,
Kenya_618,
Kenya_619,
Kenya_62,
Kenya_620,
Kenya_621,
Kenya_622,
Kenya_623,
Kenya_624,
Kenya_625,
Kenya_626,
Kenya_627,
Kenya_628,
Kenya_629,
Kenya_63,
Kenya_630,
Kenya_631,
Kenya_632,
Kenya_633,
Kenya_634,
Kenya_635,
Kenya_636,
Kenya_637,
Kenya_638,
Kenya_639,
Kenya_64,
Kenya_640,
Kenya_641,
Kenya_642,
Kenya_643,
Kenya_644,
Kenya_645,
Kenya_646,
Kenya_647,
Kenya_648,
Kenya_649,
Kenya_65,
Kenya_650,
Kenya_651,
Kenya_652,
Kenya_653,
Kenya_654,
Kenya_655,
Kenya_656,
Kenya_657,
Kenya_658,
Kenya_659,
Kenya_66,
Kenya_660,
Kenya_661,
Kenya_662,
Kenya_663,
Kenya_664,
Kenya_665,
Kenya_666,
Kenya_667,
Kenya_668,
Kenya_669,
Kenya_67,
Kenya_670,
Kenya_671,
Kenya_672,
Kenya_673,
Kenya_674,
Kenya_675,
Kenya_676,
Kenya_677,
Kenya_678,
Kenya_679,
Kenya_68,
Kenya_680,
Kenya_681,
Kenya_682,
Kenya_683,
Kenya_684,
Kenya_685,
Kenya_686,
Kenya_687,
Kenya_688,
Kenya_689,
Kenya_69,
Kenya_690,
Kenya_691,
Kenya_692,
Kenya_693,
Kenya_694,
Kenya_695,
Kenya_696,
Kenya_697,
Kenya_698,
Kenya_699,
Kenya_7,
Kenya_70,
Kenya_700,
Kenya_701,
Kenya_702,
Kenya_703,
Kenya_704,
Kenya_705,
Kenya_706,
Kenya_707,
Kenya_708,
Kenya_709,
Kenya_71,
Kenya_710,
Kenya_711,
Kenya_712,
Kenya_713,
Kenya_714,
Kenya_715,
Kenya_716,
Kenya_717,
Kenya_718,
Kenya_719,
Kenya_72,
Kenya_720,
Kenya_721,
Kenya_722,
Kenya_723,
Kenya_724,
Kenya_725,
Kenya_726,
Kenya_727,
Kenya_728,
Kenya_729,
Kenya_73,
Kenya_730,
Kenya_731,
Kenya_732,
Kenya_733,
Kenya_734,
Kenya_735,
Kenya_736,
Kenya_737,
Kenya_738,
Kenya_739,
Kenya_74,
Kenya_740,
Kenya_741,
Kenya_742,
Kenya_743,
Kenya_744,
Kenya_745,
Kenya_746,
Kenya_747,
Kenya_748,
Kenya_749,
Kenya_75,
Kenya_750,
Kenya_751,
Kenya_752,
Kenya_753,
Kenya_754,
Kenya_755,
Kenya_756,
Kenya_757,
Kenya_758,
Kenya_759,
Kenya_76,
Kenya_760,
Kenya_761,
Kenya_762,
Kenya_763,
Kenya_764,
Kenya_765,
Kenya_766,
Kenya_767,
Kenya_768,
Kenya_769,
Kenya_77,
Kenya_770,
Kenya_771,
Kenya_772,
Kenya_773,
Kenya_774,
Kenya_775,
Kenya_776,
Kenya_777,
Kenya_778,
Kenya_779,
Kenya_78,
Kenya_780,
Kenya_781,
Kenya_782,
Kenya_783,
Kenya_784,
Kenya_785,
Kenya_786,
Kenya_787,
Kenya_788,
Kenya_789,
Kenya_79,
Kenya_790,
Kenya_791,
Kenya_792,
Kenya_793,
Kenya_794,
Kenya_795,
Kenya_796,
Kenya_797,
Kenya_798,
Kenya_799,
Kenya_8,
Kenya_80,
Kenya_800,
Kenya_801,
Kenya_802,
Kenya_803,
Kenya_804,
Kenya_805,
Kenya_806,
Kenya_807,
Kenya_808,
Kenya_809,
Kenya_81,
Kenya_810,
Kenya_811,
Kenya_812,
Kenya_813,
Kenya_814,
Kenya_815,
Kenya_816,
Kenya_817,
Kenya_818,
Kenya_819,
Kenya_82,
Kenya_820,
Kenya_821,
Kenya_822,
Kenya_823,
Kenya_824,
Kenya_825,
Kenya_826,
Kenya_827,
Kenya_828,
Kenya_829,
Kenya_83,
Kenya_830,
Kenya_831,
Kenya_832,
Kenya_833,
Kenya_834,
Kenya_835,
Kenya_836,
Kenya_837,
Kenya_838,
Kenya_839,
Kenya_84,
Kenya_840,
Kenya_841,
Kenya_842,
Kenya_843,
Kenya_844,
Kenya_845,
Kenya_846,
Kenya_847,
Kenya_848,
Kenya_849,
Kenya_85,
Kenya_850,
Kenya_851,
Kenya_852,
Kenya_853,
Kenya_854,
Kenya_855,
Kenya_856,
Kenya_857,
Kenya_858,
Kenya_859,
Kenya_86,
Kenya_860,
Kenya_861,
Kenya_862,
Kenya_863,
Kenya_864,
Kenya_865,
Kenya_866,
Kenya_867,
Kenya_868,
Kenya_869,
Kenya_87,
Kenya_870,
Kenya_871,
Kenya_872,
Kenya_873,
Kenya_874,
Kenya_875,
Kenya_876,
Kenya_877,
Kenya_878,
Kenya_879,
Kenya_88,
Kenya_880,
Kenya_881,
Kenya_882,
Kenya_883,
Kenya_884,
Kenya_885,
Kenya_886,
Kenya_887,
Kenya_888,
Kenya_889,
Kenya_89,
Kenya_890,
Kenya_891,
Kenya_892,
Kenya_893,
Kenya_894,
Kenya_895,
Kenya_896,
Kenya_897,
Kenya_898,
Kenya_899,
Kenya_9,
Kenya_90,
Kenya_900,
Kenya_901,
Kenya_902,
Kenya_903,
Kenya_904,
Kenya_905,
Kenya_906,
Kenya_907,
Kenya_908,
Kenya_909,
Kenya_91,
Kenya_910,
Kenya_911,
Kenya_912,
Kenya_913,
Kenya_914,
Kenya_915,
Kenya_916,
Kenya_917,
Kenya_918,
Kenya_919,
Kenya_92,
Kenya_920,
Kenya_921,
Kenya_922,
Kenya_923,
Kenya_924,
Kenya_925,
Kenya_926,
Kenya_927,
Kenya_928,
Kenya_929,
Kenya_93,
Kenya_930,
Kenya_931,
Kenya_932,
Kenya_933,
Kenya_934,
Kenya_935,
Kenya_936,
Kenya_937,
Kenya_938,
Kenya_939,
Kenya_94,
Kenya_940,
Kenya_941,
Kenya_942,
Kenya_943,
Kenya_944,
Kenya_945,
Kenya_946,
Kenya_947,
Kenya_948,
Kenya_949,
Kenya_95,
Kenya_950,
Kenya_951,
Kenya_952,
Kenya_953,
Kenya_954,
Kenya_955,
Kenya_956,
Kenya_957,
Kenya_958,
Kenya_959,
Kenya_96,
Kenya_960,
Kenya_961,
Kenya_962,
Kenya_963,
Kenya_964,
Kenya_965,
Kenya_966,
Kenya_967,
Kenya_968,
Kenya_969,
Kenya_97,
Kenya_970,
Kenya_971,
Kenya_972,
Kenya_973,
Kenya_974,
Kenya_975,
Kenya_976,
Kenya_977,
Kenya_978,
Kenya_979,
Kenya_98,
Kenya_980,
Kenya_981,
Kenya_982,
Kenya_983,
Kenya_984,
Kenya_985,
Kenya_986,
Kenya_987,
Kenya_988,
Kenya_989,
Kenya_99,
Kenya_990,
Kenya_991,
Kenya_992,
Kenya_993,
Kenya_994,
Kenya_995,
Kenya_996,
Kenya_997,
Kenya_998,
Kenya_999,
Spain_1,
Spain_10,
Spain_100,
Spain_101,
Spain_102,
Spain_103,
Spain_104,
Spain_105,
Spain_106,
Spain_107,
Spain_108,
Spain_109,
Spain_11,
Spain_110,
Spain_111,
Spain_112,
Spain_113,
Spain_114,
Spain_115,
Spain_116,
Spain_117,
Spain_118,
Spain_119,
Spain_12,
Spain_120,
Spain_121,
Spain_122,
Spain_123,
Spain_124,
Spain_125,
Spain_126,
Spain_127,
Spain_128,
Spain_129,
Spain_13,
Spain_130,
Spain_131,
Spain_132,
Spain_133,
Spain_134,
Spain_135,
Spain_136,
Spain_137,
Spain_138,
Spain_139,
Spain_14,
Spain_140,
Spain_141,
Spain_142,
Spain_143,
Spain_144,
Spain_145,
Spain_146,
Spain_147,
Spain_148,
Spain_149,
Spain_15,
Spain_150,
Spain_151,
Spain_152,
Spain_153,
Spain_154,
Spain_155,
Spain_156,
Spain_157,
Spain_158,
Spain_159,
Spain_16,
Spain_160,
Spain_161,
Spain_162,
Spain_163,
Spain_164,
Spain_165,
Spain_166,
Spain_167,
Spain_168,
Spain_169,
Spain_17,
Spain_170,
Spain_171,
Spain_172,
Spain_173,
Spain_174,
Spain_175,
Spain_176,
Spain_177,
Spain_178,
Spain_179,
Spain_18,
Spain_180,
Spain_181,
Spain_182,
Spain_183,
Spain_184,
Spain_185,
Spain_186,
Spain_187,
Spain_188,
Spain_189,
Spain_19,
Spain_190,
Spain_191,
Spain_192,
Spain_193,
Spain_194,
Spain_195,
Spain_196,
Spain_197,
Spain_198,
Spain_199,
Spain_2,
Spain_20,
Spain_200,
Spain_201,
Spain_202,
Spain_203,
Spain_204,
Spain_205,
Spain_206,
Spain_207,
Spain_208,
Spain_209,
Spain_21,
Spain_210,
Spain_211,
Spain_212,
Spain_213,
Spain_214,
Spain_215,
Spain_216,
Spain_217,
Spain_218,
Spain_219,
Spain_22,
Spain_220,
Spain_221,
Spain_222,
Spain_223,
Spain_224,
Spain_225,
Spain_226,
Spain_227,
Spain_228,
Spain_229,
Spain_23,
Spain_230,
Spain_231,
Spain_232,
Spain_233,
Spain_234,
Spain_235,
Spain_236,
Spain_237,
Spain_238,
Spain_239,
Spain_24,
Spain_240,
Spain_241,
Spain_242,
Spain_243,
Spain_244,
Spain_245,
Spain_246,
Spain_247,
Spain_248,
Spain_249,
Spain_25,
Spain_250,
Spain_251,
Spain_252,
Spain_253,
Spain_254,
Spain_255,
Spain_256,
Spain_257,
Spain_258,
Spain_259,
Spain_26,
Spain_260,
Spain_261,
Spain_262,
Spain_263,
Spain_264,
Spain_265,
Spain_266,
Spain_267,
Spain_268,
Spain_269,
Spain_27,
Spain_270,
Spain_271,
Spain_272,
Spain_273,
Spain_274,
Spain_275,
Spain_276,
Spain_277,
Spain_278,
Spain_279,
Spain_28,
Spain_280,
Spain_281,
Spain_282,
Spain_283,
Spain_284,
Spain_285,
Spain_286,
Spain_287,
Spain_288,
Spain_289,
Spain_29,
Spain_290,
Spain_291,
Spain_292,
Spain_293,
Spain_294,
Spain_295,
Spain_296,
Spain_297,
Spain_298,
Spain_299,
Spain_3,
Spain_30,
Spain_300,
Spain_301,
Spain_302,
Spain_303,
Spain_304,
Spain_305,
Spain_306,
Spain_307,
Spain_308,
Spain_309,
Spain_31,
Spain_310,
Spain_311,
Spain_312,
Spain_313,
Spain_314,
Spain_315,
Spain_316,
Spain_317,
Spain_318,
Spain_319,
Spain_32,
Spain_320,
Spain_321,
Spain_322,
Spain_323,
Spain_324,
Spain_325,
Spain_326,
Spain_327,
Spain_328,
Spain_329,
Spain_33,
Spain_330,
Spain_331,
Spain_332,
Spain_333,
Spain_334,
Spain_335,
Spain_336,
Spain_337,
Spain_338,
Spain_339,
Spain_34,
Spain_340,
Spain_341,
Spain_342,
Spain_343,
Spain_344,
Spain_345,
Spain_346,
Spain_347,
Spain_348,
Spain_349,
Spain_35,
Spain_350,
Spain_351,
Spain_352,
Spain_353,
Spain_354,
Spain_355,
Spain_356,
Spain_357,
Spain_358,
Spain_359,
Spain_36,
Spain_360,
Spain_361,
Spain_362,
Spain_363,
Spain_364,
Spain_365,
Spain_366,
Spain_367,
Spain_368,
Spain_369,
Spain_37,
Spain_370,
Spain_371,
Spain_372,
Spain_373,
Spain_374,
Spain_375,
Spain_376,
Spain_377,
Spain_378,
Spain_379,
Spain_38,
Spain_380,
Spain_381,
Spain_382,
Spain_383,
Spain_384,
Spain_385,
Spain_386,
Spain_387,
Spain_388,
Spain_389,
Spain_39,
Spain_390,
Spain_391,
Spain_392,
Spain_393,
Spain_394,
Spain_395,
Spain_396,
Spain_397,
Spain_398,
Spain_399,
Spain_4,
Spain_40,
Spain_400,
Spain_401,
Spain_402,
Spain_403,
Spain_404,
Spain_405,
Spain_406,
Spain_407,
Spain_408,
Spain_409,
Spain_41,
Spain_410,
Spain_411,
Spain_412,
Spain_413,
Spain_414,
Spain_415,
Spain_416,
Spain_417,
Spain_418,
Spain_419,
Spain_42,
Spain_420,
Spain_421,
Spain_422,
Spain_423,
Spain_424,
Spain_425,
Spain_426,
Spain_427,
Spain_428,
Spain_429,
Spain_43,
Spain_430,
Spain_431,
Spain_432,
Spain_433,
Spain_434,
Spain_435,
Spain_436,
Spain_437,
Spain_438,
Spain_439,
Spain_44,
Spain_440,
Spain_441,
Spain_442,
Spain_443,
Spain_444,
Spain_445,
Spain_446,
Spain_447,
Spain_448,
Spain_449,
Spain_45,
Spain_450,
Spain_451,
Spain_452,
Spain_453,
Spain_454,
Spain_455,
Spain_456,
Spain_457,
Spain_458,
Spain_459,
Spain_46,
Spain_460,
Spain_461,
Spain_462,
Spain_463,
Spain_464,
Spain_465,
Spain_466,
Spain_467,
Spain_468,
Spain_469,
Spain_47,
Spain_470,
Spain_471,
Spain_472,
Spain_473,
Spain_474,
Spain_475,
Spain_476,
Spain_477,
Spain_478,
Spain_479,
Spain_48,
Spain_480,
Spain_481,
Spain_482,
Spain_483,
Spain_484,
Spain_485,
Spain_486,
Spain_487,
Spain_488,
Spain_489,
Spain_49,
Spain_490,
Spain_491,
Spain_492,
Spain_493,
Spain_494,
Spain_495,
Spain_496,
Spain_497,
Spain_498,
Spain_499,
Spain_5,
Spain_50,
Spain_500,
Spain_501,
Spain_502,
Spain_503,
Spain_504,
Spain_505,
Spain_506,
Spain_507,
Spain_508,
Spain_509,
Spain_51,
Spain_510,
Spain_511,
Spain_512,
Spain_513,
Spain_514,
Spain_515,
Spain_516,
Spain_517,
Spain_518,
Spain_519,
Spain_52,
Spain_520,
Spain_521,
Spain_522,
Spain_523,
Spain_524,
Spain_525,
Spain_526,
Spain_527,
Spain_528,
Spain_529,
Spain_53,
Spain_530,
Spain_531,
Spain_532,
Spain_533,
Spain_534,
Spain_535,
Spain_536,
Spain_537,
Spain_538,
Spain_539,
Spain_54,
Spain_540,
Spain_541,
Spain_542,
Spain_543,
Spain_544,
Spain_545,
Spain_546,
Spain_547,
Spain_548,
Spain_549,
Spain_55,
Spain_550,
Spain_551,
Spain_552,
Spain_553,
Spain_554,
Spain_555,
Spain_556,
Spain_557,
Spain_558,
Spain_559,
Spain_56,
Spain_560,
Spain_561,
Spain_562,
Spain_563,
Spain_564,
Spain_565,
Spain_566,
Spain_567,
Spain_568,
Spain_569,
Spain_57,
Spain_570,
Spain_571,
Spain_572,
Spain_573,
Spain_574,
Spain_575,
Spain_576,
Spain_577,
Spain_578,
Spain_579,
Spain_58,
Spain_580,
Spain_581,
Spain_582,
Spain_583,
Spain_584,
Spain_585,
Spain_586,
Spain_587,
Spain_588,
Spain_589,
Spain_59,
Spain_590,
Spain_591,
Spain_592,
Spain_593,
Spain_594,
Spain_595,
Spain_596,
Spain_597,
Spain_598,
Spain_599,
Spain_6,
Spain_60,
Spain_600,
Spain_601,
Spain_602,
Spain_603,
Spain_604,
Spain_605,
Spain_606,
Spain_607,
Spain_608,
Spain_609,
Spain_61,
Spain_610,
Spain_611,
Spain_612,
Spain_613,
Spain_614,
Spain_615,
Spain_616,
Spain_617,
Spain_618,
Spain_619,
Spain_62,
Spain_620,
Spain_621,
Spain_622,
Spain_623,
Spain_624,
Spain_625,
Spain_626,
Spain_627,
Spain_628,
Spain_629,
Spain_63,
Spain_630,
Spain_631,
Spain_632,
Spain_633,
Spain_634,
Spain_635,
Spain_636,
Spain_637,
Spain_638,
Spain_639,
Spain_64,
Spain_640,
Spain_641,
Spain_642,
Spain_643,
Spain_644,
Spain_645,
Spain_646,
Spain_647,
Spain_648,
Spain_649,
Spain_65,
Spain_650,
Spain_651,
Spain_652,
Spain_653,
Spain_654,
Spain_655,
Spain_656,
Spain_657,
Spain_658,
Spain_659,
Spain_66,
Spain_660,
Spain_661,
Spain_662,
Spain_663,
Spain_664,
Spain_665,
Spain_666,
Spain_667,
Spain_668,
Spain_669,
Spain_67,
Spain_670,
Spain_671,
Spain_672,
Spain_673,
Spain_674,
Spain_675,
Spain_676,
Spain_677,
Spain_678,
Spain_679,
Spain_68,
Spain_680,
Spain_681,
Spain_682,
Spain_683,
Spain_684,
Spain_685,
Spain_686,
Spain_687,
Spain_688,
Spain_689,
Spain_69,
Spain_690,
Spain_691,
Spain_692,
Spain_693,
Spain_694,
Spain_695,
Spain_696,
Spain_697,
Spain_698,
Spain_699,
Spain_7,
Spain_70,
Spain_700,
Spain_701,
Spain_702,
Spain_703,
Spain_704,
Spain_705,
Spain_706,
Spain_707,
Spain_708,
Spain_709,
Spain_71,
Spain_710,
Spain_711,
Spain_712,
Spain_713,
Spain_714,
Spain_715,
Spain_716,
Spain_717,
Spain_718,
Spain_719,
Spain_72,
Spain_720,
Spain_721,
Spain_722,
Spain_723,
Spain_724,
Spain_725,
Spain_726,
Spain_727,
Spain_728,
Spain_729,
Spain_73,
Spain_730,
Spain_731,
Spain_732,
Spain_733,
Spain_734,
Spain_735,
Spain_736,
Spain_737,
Spain_738,
Spain_739,
Spain_74,
Spain_740,
Spain_741,
Spain_742,
Spain_743,
Spain_744,
Spain_745,
Spain_746,
Spain_747,
Spain_748,
Spain_749,
Spain_75,
Spain_750,
Spain_751,
Spain_752,
Spain_753,
Spain_754,
Spain_755,
Spain_756,
Spain_757,
Spain_758,
Spain_759,
Spain_76,
Spain_760,
Spain_761,
Spain_762,
Spain_763,
Spain_764,
Spain_765,
Spain_766,
Spain_767,
Spain_768,
Spain_769,
Spain_77,
Spain_770,
Spain_771,
Spain_772,
Spain_773,
Spain_774,
Spain_775,
Spain_776,
Spain_777,
Spain_778,
Spain_779,
Spain_78,
Spain_780,
Spain_781,
Spain_782,
Spain_783,
Spain_784,
Spain_785,
Spain_786,
Spain_787,
Spain_788,
Spain_789,
Spain_79,
Spain_790,
Spain_791,
Spain_792,
Spain_793,
Spain_794,
Spain_795,
Spain_796,
Spain_797,
Spain_798,
Spain_799,
Spain_8,
Spain_80,
Spain_800,
Spain_801,
Spain_802,
Spain_803,
Spain_804,
Spain_805,
Spain_806,
Spain_807,
Spain_808,
Spain_809,
Spain_81,
Spain_810,
Spain_811,
Spain_812,
Spain_813,
Spain_814,
Spain_815,
Spain_816,
Spain_817,
Spain_818,
Spain_819,
Spain_82,
Spain_820,
Spain_821,
Spain_822,
Spain_823,
Spain_824,
Spain_825,
Spain_826,
Spain_827,
Spain_828,
Spain_829,
Spain_83,
Spain_830,
Spain_831,
Spain_832,
Spain_833,
Spain_834,
Spain_835,
Spain_836,
Spain_837,
Spain_838,
Spain_839,
Spain_84,
Spain_840,
Spain_841,
Spain_842,
Spain_843,
Spain_844,
Spain_845,
Spain_846,
Spain_847,
Spain_848,
Spain_85,
Spain_86,
Spain_87,
Spain_88,
Spain_89,
Spain_9,
Spain_90,
Spain_91,
Spain_92,
Spain_93,
Spain_94,
Spain_95,
Spain_96,
Spain_97,
Spain_98,
Spain_99,
VNM_1,
VNM_10,
VNM_100,
VNM_101,
VNM_102,
VNM_103,
VNM_104,
VNM_105,
VNM_106,
VNM_107,
VNM_108,
VNM_109,
VNM_11,
VNM_110,
VNM_111,
VNM_112,
VNM_113,
VNM_114,
VNM_115,
VNM_116,
VNM_117,
VNM_118,
VNM_119,
VNM_12,
VNM_120,
VNM_121,
VNM_122,
VNM_123,
VNM_124,
VNM_125,
VNM_126,
VNM_127,
VNM_128,
VNM_129,
VNM_13,
VNM_130,
VNM_131,
VNM_132,
VNM_133,
VNM_134,
VNM_135,
VNM_136,
VNM_137,
VNM_138,
VNM_139,
VNM_14,
VNM_140,
VNM_141,
VNM_142,
VNM_143,
VNM_144,
VNM_145,
VNM_146,
VNM_147,
VNM_148,
VNM_149,
VNM_15,
VNM_150,
VNM_151,
VNM_152,
VNM_153,
VNM_154,
VNM_155,
VNM_156,
VNM_157,
VNM_158,
VNM_159,
VNM_16,
VNM_160,
VNM_161,
VNM_162,
VNM_163,
VNM_164,
VNM_165,
VNM_166,
VNM_167,
VNM_168,
VNM_169,
VNM_17,
VNM_170,
VNM_171,
VNM_172,
VNM_173,
VNM_174,
VNM_175,
VNM_176,
VNM_177,
VNM_178,
VNM_179,
VNM_18,
VNM_180,
VNM_181,
VNM_182,
VNM_183,
VNM_184,
VNM_185,
VNM_186,
VNM_187,
VNM_188,
VNM_189,
VNM_19,
VNM_190,
VNM_191,
VNM_192,
VNM_193,
VNM_194,
VNM_195,
VNM_196,
VNM_197,
VNM_198,
VNM_199,
VNM_2,
VNM_20,
VNM_200,
VNM_201,
VNM_202,
VNM_203,
VNM_204,
VNM_205,
VNM_206,
VNM_207,
VNM_208,
VNM_209,
VNM_21,
VNM_210,
VNM_211,
VNM_212,
VNM_213,
VNM_214,
VNM_215,
VNM_216,
VNM_217,
VNM_218,
VNM_219,
VNM_22,
VNM_220,
VNM_221,
VNM_222,
VNM_223,
VNM_224,
VNM_225,
VNM_226,
VNM_227,
VNM_228,
VNM_229,
VNM_23,
VNM_230,
VNM_231,
VNM_232,
VNM_233,
VNM_234,
VNM_235,
VNM_236,
VNM_237,
VNM_238,
VNM_239,
VNM_24,
VNM_240,
VNM_241,
VNM_242,
VNM_243,
VNM_244,
VNM_245,
VNM_246,
VNM_247,
VNM_248,
VNM_249,
VNM_25,
VNM_250,
VNM_251,
VNM_252,
VNM_253,
VNM_254,
VNM_255,
VNM_256,
VNM_257,
VNM_258,
VNM_259,
VNM_26,
VNM_260,
VNM_261,
VNM_262,
VNM_263,
VNM_264,
VNM_265,
VNM_266,
VNM_267,
VNM_268,
VNM_269,
VNM_27,
VNM_270,
VNM_271,
VNM_272,
VNM_273,
VNM_274,
VNM_275,
VNM_276,
VNM_277,
VNM_278,
VNM_279,
VNM_28,
VNM_280,
VNM_281,
VNM_282,
VNM_283,
VNM_284,
VNM_285,
VNM_286,
VNM_287,
VNM_288,
VNM_289,
VNM_29,
VNM_290,
VNM_291,
VNM_292,
VNM_293,
VNM_294,
VNM_295,
VNM_296,
VNM_297,
VNM_298,
VNM_299,
VNM_3,
VNM_30,
VNM_300,
VNM_301,
VNM_302,
VNM_303,
VNM_304,
VNM_305,
VNM_306,
VNM_307,
VNM_308,
VNM_309,
VNM_31,
VNM_310,
VNM_311,
VNM_312,
VNM_313,
VNM_314,
VNM_315,
VNM_316,
VNM_317,
VNM_318,
VNM_319,
VNM_32,
VNM_320,
VNM_321,
VNM_322,
VNM_323,
VNM_324,
VNM_325,
VNM_326,
VNM_327,
VNM_328,
VNM_329,
VNM_33,
VNM_330,
VNM_331,
VNM_332,
VNM_333,
VNM_334,
VNM_335,
VNM_336,
VNM_337,
VNM_338,
VNM_339,
VNM_34,
VNM_340,
VNM_341,
VNM_342,
VNM_343,
VNM_344,
VNM_345,
VNM_346,
VNM_347,
VNM_348,
VNM_349,
VNM_35,
VNM_350,
VNM_351,
VNM_352,
VNM_353,
VNM_354,
VNM_355,
VNM_356,
VNM_357,
VNM_358,
VNM_359,
VNM_36,
VNM_360,
VNM_361,
VNM_362,
VNM_363,
VNM_364,
VNM_365,
VNM_366,
VNM_367,
VNM_368,
VNM_369,
VNM_37,
VNM_370,
VNM_371,
VNM_372,
VNM_373,
VNM_374,
VNM_375,
VNM_376,
VNM_377,
VNM_378,
VNM_379,
VNM_38,
VNM_380,
VNM_381,
VNM_382,
VNM_383,
VNM_384,
VNM_385,
VNM_386,
VNM_387,
VNM_388,
VNM_389,
VNM_39,
VNM_390,
VNM_391,
VNM_392,
VNM_393,
VNM_394,
VNM_395,
VNM_396,
VNM_397,
VNM_398,
VNM_399,
VNM_4,
VNM_40,
VNM_400,
VNM_401,
VNM_402,
VNM_403,
VNM_404,
VNM_405,
VNM_406,
VNM_407,
VNM_408,
VNM_409,
VNM_41,
VNM_410,
VNM_411,
VNM_412,
VNM_413,
VNM_414,
VNM_415,
VNM_416,
VNM_417,
VNM_418,
VNM_419,
VNM_42,
VNM_420,
VNM_421,
VNM_422,
VNM_423,
VNM_424,
VNM_425,
VNM_426,
VNM_427,
VNM_428,
VNM_429,
VNM_43,
VNM_430,
VNM_431,
VNM_432,
VNM_433,
VNM_434,
VNM_435,
VNM_436,
VNM_437,
VNM_438,
VNM_439,
VNM_44,
VNM_440,
VNM_441,
VNM_442,
VNM_443,
VNM_444,
VNM_445,
VNM_446,
VNM_447,
VNM_448,
VNM_449,
VNM_45,
VNM_450,
VNM_451,
VNM_452,
VNM_453,
VNM_454,
VNM_455,
VNM_456,
VNM_457,
VNM_458,
VNM_459,
VNM_46,
VNM_460,
VNM_461,
VNM_462,
VNM_463,
VNM_464,
VNM_465,
VNM_466,
VNM_467,
VNM_468,
VNM_469,
VNM_47,
VNM_470,
VNM_471,
VNM_472,
VNM_473,
VNM_474,
VNM_475,
VNM_476,
VNM_477,
VNM_478,
VNM_479,
VNM_48,
VNM_480,
VNM_481,
VNM_482,
VNM_483,
VNM_484,
VNM_485,
VNM_486,
VNM_487,
VNM_488,
VNM_489,
VNM_49,
VNM_490,
VNM_491,
VNM_492,
VNM_493,
VNM_494,
VNM_495,
VNM_496,
VNM_497,
VNM_498,
VNM_499,
VNM_5,
VNM_50,
VNM_500,
VNM_501,
VNM_502,
VNM_503,
VNM_504,
VNM_505,
VNM_506,
VNM_507,
VNM_508,
VNM_509,
VNM_51,
VNM_510,
VNM_511,
VNM_512,
VNM_513,
VNM_514,
VNM_515,
VNM_516,
VNM_517,
VNM_518,
VNM_519,
VNM_52,
VNM_520,
VNM_521,
VNM_522,
VNM_523,
VNM_524,
VNM_525,
VNM_526,
VNM_527,
VNM_528,
VNM_529,
VNM_53,
VNM_530,
VNM_531,
VNM_532,
VNM_533,
VNM_534,
VNM_535,
VNM_536,
VNM_537,
VNM_538,
VNM_539,
VNM_54,
VNM_540,
VNM_541,
VNM_542,
VNM_543,
VNM_544,
VNM_545,
VNM_546,
VNM_547,
VNM_548,
VNM_549,
VNM_55,
VNM_550,
VNM_551,
VNM_552,
VNM_553,
VNM_554,
VNM_555,
VNM_556,
VNM_557,
VNM_558,
VNM_559,
VNM_56,
VNM_560,
VNM_561,
VNM_562,
VNM_563,
VNM_564,
VNM_565,
VNM_566,
VNM_567,
VNM_568,
VNM_569,
VNM_57,
VNM_570,
VNM_571,
VNM_572,
VNM_573,
VNM_574,
VNM_575,
VNM_576,
VNM_577,
VNM_578,
VNM_579,
VNM_58,
VNM_580,
VNM_581,
VNM_582,
VNM_583,
VNM_584,
VNM_585,
VNM_586,
VNM_587,
VNM_588,
VNM_589,
VNM_59,
VNM_590,
VNM_591,
VNM_592,
VNM_593,
VNM_594,
VNM_595,
VNM_596,
VNM_597,
VNM_598,
VNM_599,
VNM_6,
VNM_60,
VNM_600,
VNM_601,
VNM_602,
VNM_603,
VNM_604,
VNM_605,
VNM_606,
VNM_607,
VNM_608,
VNM_609,
VNM_61,
VNM_610,
VNM_611,
VNM_612,
VNM_613,
VNM_614,
VNM_615,
VNM_616,
VNM_617,
VNM_618,
VNM_619,
VNM_62,
VNM_620,
VNM_621,
VNM_622,
VNM_623,
VNM_624,
VNM_625,
VNM_626,
VNM_627,
VNM_628,
VNM_629,
VNM_63,
VNM_630,
VNM_631,
VNM_632,
VNM_633,
VNM_634,
VNM_635,
VNM_636,
VNM_637,
VNM_638,
VNM_639,
VNM_64,
VNM_640,
VNM_641,
VNM_642,
VNM_643,
VNM_644,
VNM_645,
VNM_646,
VNM_647,
VNM_648,
VNM_649,
VNM_65,
VNM_650,
VNM_651,
VNM_652,
VNM_653,
VNM_654,
VNM_655,
VNM_656,
VNM_657,
VNM_658,
VNM_659,
VNM_66,
VNM_660,
VNM_661,
VNM_662,
VNM_663,
VNM_664,
VNM_665,
VNM_666,
VNM_667,
VNM_668,
VNM_669,
VNM_67,
VNM_670,
VNM_671,
VNM_672,
VNM_673,
VNM_674,
VNM_675,
VNM_676,
VNM_677,
VNM_678,
VNM_679,
VNM_68,
VNM_680,
VNM_681,
VNM_682,
VNM_683,
VNM_684,
VNM_685,
VNM_686,
VNM_687,
VNM_688,
VNM_689,
VNM_69,
VNM_690,
VNM_691,
VNM_692,
VNM_693,
VNM_694,
VNM_695,
VNM_696,
VNM_697,
VNM_698,
VNM_699,
VNM_7,
VNM_70,
VNM_700,
VNM_701,
VNM_702,
VNM_703,
VNM_704,
VNM_705,
VNM_706,
VNM_707,
VNM_708,
VNM_709,
VNM_71,
VNM_710,
VNM_711,
VNM_712,
VNM_713,
VNM_714,
VNM_715,
VNM_716,
VNM_717,
VNM_718,
VNM_719,
VNM_72,
VNM_720,
VNM_721,
VNM_722,
VNM_723,
VNM_724,
VNM_725,
VNM_726,
VNM_727,
VNM_728,
VNM_729,
VNM_73,
VNM_730,
VNM_731,
VNM_732,
VNM_733,
VNM_734,
VNM_735,
VNM_736,
VNM_737,
VNM_738,
VNM_739,
VNM_74,
VNM_740,
VNM_741,
VNM_742,
VNM_743,
VNM_744,
VNM_745,
VNM_746,
VNM_747,
VNM_748,
VNM_749,
VNM_75,
VNM_750,
VNM_751,
VNM_752,
VNM_753,
VNM_754,
VNM_755,
VNM_756,
VNM_757,
VNM_758,
VNM_759,
VNM_76,
VNM_760,
VNM_761,
VNM_762,
VNM_763,
VNM_764,
VNM_765,
VNM_766,
VNM_767,
VNM_768,
VNM_769,
VNM_77,
VNM_770,
VNM_771,
VNM_772,
VNM_773,
VNM_774,
VNM_775,
VNM_776,
VNM_777,
VNM_778,
VNM_779,
VNM_78,
VNM_780,
VNM_781,
VNM_782,
VNM_783,
VNM_784,
VNM_785,
VNM_786,
VNM_787,
VNM_788,
VNM_789,
VNM_79,
VNM_790,
VNM_791,
VNM_792,
VNM_793,
VNM_794,
VNM_795,
VNM_796,
VNM_797,
VNM_798,
VNM_799,
VNM_8,
VNM_80,
VNM_800,
VNM_801,
VNM_802,
VNM_803,
VNM_804,
VNM_805,
VNM_806,
VNM_807,
VNM_808,
VNM_809,
VNM_81,
VNM_810,
VNM_811,
VNM_812,
VNM_813,
VNM_814,
VNM_815,
VNM_816,
VNM_817,
VNM_818,
VNM_819,
VNM_82,
VNM_820,
VNM_821,
VNM_822,
VNM_823,
VNM_824,
VNM_825,
VNM_826,
VNM_827,
VNM_828,
VNM_829,
VNM_83,
VNM_830,
VNM_831,
VNM_832,
VNM_833,
VNM_834,
VNM_835,
VNM_836,
VNM_837,
VNM_838,
VNM_839,
VNM_84,
VNM_840,
VNM_841,
VNM_842,
VNM_843,
VNM_844,
VNM_845,
VNM_846,
VNM_847,
VNM_848,
VNM_849,
VNM_85,
VNM_850,
VNM_851,
VNM_852,
VNM_853,
VNM_854,
VNM_855,
VNM_856,
VNM_857,
VNM_858,
VNM_859,
VNM_86,
VNM_860,
VNM_861,
VNM_862,
VNM_863,
VNM_864,
VNM_865,
VNM_866,
VNM_867,
VNM_868,
VNM_869,
VNM_87,
VNM_870,
VNM_871,
VNM_872,
VNM_873,
VNM_874,
VNM_875,
VNM_876,
VNM_877,
VNM_878,
VNM_879,
VNM_88,
VNM_880,
VNM_881,
VNM_882,
VNM_883,
VNM_884,
VNM_885,
VNM_886,
VNM_887,
VNM_888,
VNM_889,
VNM_89,
VNM_890,
VNM_891,
VNM_892,
VNM_893,
VNM_894,
VNM_895,
VNM_896,
VNM_897,
VNM_898,
VNM_899,
VNM_9,
VNM_90,
VNM_900,
VNM_901,
VNM_902,
VNM_903,
VNM_904,
VNM_905,
VNM_906,
VNM_907,
VNM_908,
VNM_909,
VNM_91,
VNM_910,
VNM_911,
VNM_912,
VNM_913,
VNM_914,
VNM_915,
VNM_916,
VNM_917,
VNM_918,
VNM_919,
VNM_92,
VNM_920,
VNM_921,
VNM_922,
VNM_923,
VNM_924,
VNM_925,
VNM_926,
VNM_927,
VNM_928,
VNM_929,
VNM_93,
VNM_930,
VNM_931,
VNM_932,
VNM_933,
VNM_934,
VNM_935,
VNM_936,
VNM_937,
VNM_938,
VNM_939,
VNM_94,
VNM_940,
VNM_941,
VNM_942,
VNM_943,
VNM_944,
VNM_945,
VNM_946,
VNM_947,
VNM_948,
VNM_949,
VNM_95,
VNM_950,
VNM_951,
VNM_952,
VNM_953,
VNM_954,
VNM_955,
VNM_956,
VNM_957,
VNM_958,
VNM_959,
VNM_96,
VNM_960,
VNM_961,
VNM_962,
VNM_963,
VNM_964,
VNM_965,
VNM_966,
VNM_967,
VNM_968,
VNM_969,
VNM_97,
VNM_970,
VNM_971,
VNM_972,
VNM_973,
VNM_974,
VNM_975,
VNM_976,
VNM_977,
VNM_978,
VNM_979,
VNM_98,
VNM_99,
